Categoría,Producto,Empresa,Especificaciones
FIAMBRES Y EMBUTIDOS,JAMON AHUMADO CORTE JULIANA PF,PF,
ALIMENTOS INFANTILES,Galleta de arroz apple y pumpkin,Baby Mum-Mum,50g
ALIMENTOS INFANTILES,Manzana y Plátano,Baby Puffs,50g
ALIMENTOS INFANTILES,Frutilla y Arándano,Baby Puffs,50g
ALIMENTOS INFANTILES,Super Tropical,Súper Baby Mum-Mum,50g
ALIMENTOS INFANTILES,Super Berries,Súper Baby Mum-Mum,50g
ALIMENTOS INFANTILES,Galleta de arroz original,Baby Mum-Mum,50g
BEBIDAS,Bebida almendra orgánica sin azucar 1000 ml scotti,Riso scotti,1lt
BEBIDAS,Bebida almendras orgánica 1000 ml scotti,Riso scotti,1lt
BEBIDAS,Batido Proteína vegano sabor chocolate,En línea,
BEBIDAS,Bebida arroz chocolate orgánica 1000 ml scotti,Riso scotti,1lt
BEBIDAS,Agua de coco,Thai Heritage,330ml y520ml
BEBIDAS,Bebida avena original,Cuisine&Co,1 Lt
BEBIDAS,Bebida de coco original,Cuisine&Co,1 Lt
BEBIDAS,Bebida de coco sin azúcar,Cuisine&Co,1 Lt
BEBIDAS,Bebida almendra s/a,Cuisine&Co,2 Lt
BEBIDAS,Bebida almendra vainilla,Cuisine&Co,3 Lt
BEBIDAS,Bebida almendra chocolate,Cuisine&Co,4 Lt
BEBIDAS,Bebida almendra natural,Cuisine&Co,5 Lt
BEBIDAS,Jugo de naranja,Sofruco,3lt 1lt 340ml y 250ml
BEBIDAS,Jugo mango naranja,Sofruco,1lt 340ml y 250ml
BEBIDAS,Limonada Receta Originial,Sofruco,1lt y 340ml
BEBIDAS,Jugo de pomelo,Sofruco,1lt 340ml y 250ml
BEBIDAS,Jugo de pera,Sofruco,3lt y 250ml
BEBIDAS,Jugo frambuesa,Sofruco,3lt 1lt 340ml y 250ml
CÁRNICOS,Pechuga deshuesada pollo congelado,Cuisine&Co,800 g
CÁRNICOS,Filetillo pollo congelado,Cuisine&Co,800 g
CÁRNICOS,Filete de pechuga pavo congelado,Cuisine&Co,800 g
CÁRNICOS,Trutro corto pollo congelado,Cuisine&Co,1000 g
CÁRNICOS,Trutro largo pollo congelado,Cuisine&Co,1000 g
CÁRNICOS,Pollo - pechuga deshuesada en bandeja,Canto del gallo,550g y Variable
CÁRNICOS,Pollo - filetillo de pollo en bandeja,Canto del gallo,580g y Variable
CÁRNICOS,Pollo - trutro corto en bandeja,Canto del gallo,Variable
CÁRNICOS,Pollo - trutro combinado en bandeja,Canto del gallo,Variable
CÁRNICOS,Pollo - trutro largo con piel y sin piel en bandeja,Canto del gallo,Variable
CÁRNICOS,Pollo - trutro corto congelado,Canto del gallo,1kg
CÁRNICOS,Pollo - filetillo de pollo congelado,Canto del gallo,650g
CÁRNICOS,Pollo - pechuga deshuesada congelada,Canto del gallo,750g
CÁRNICOS,Pollo - pollo entero con menudencias en bolsa,Ariztía,Variable
CÁRNICOS,Pollo - pollo entero congelado con menudencias en bolsa,Ariztía,Variable
CÁRNICOS,Pollo - pollo entero sin menudencias en bolsa,Ariztía,Variable
CÁRNICOS,Pollo - pechuga entera en bandeja,Ariztía,Variable
CÁRNICOS,Pollo - pechuga deshuesada en bandeja,Ariztía,500g y 900g
CÁRNICOS,Pollo - pechuga deshuesada congelado,Ariztía,700g y 1.8Kg
CÁRNICOS,Pollo - filetillos en bandeja,Ariztía,480g y 830g
CÁRNICOS,Pollo - filetillos congelado,Ariztía,650g y 1.8Kg
CÁRNICOS,Pollo - trutro parrillero en bandeja,Ariztía,1kg
CÁRNICOS,Pollo - trutro combinado en bandeja,Ariztía,1Kg y Variable
CÁRNICOS,Pollo - trutro corto en bandeja,Ariztía,800g y Variable
CÁRNICOS,Pollo - trutro entero en bandeja,Ariztía,Variable
CÁRNICOS,Pollo - trutro largo en bandeja,Ariztía,800g y Variable
CÁRNICOS,Pollo - trutro entero en bolsa,Ariztía,Variable
CÁRNICOS,Pollo - trutro deshuesadoen bandeja,Ariztía,1kg
CÁRNICOS,Pollo - trutro entero 2 unidades en bolsa,Ariztía,Variable
CÁRNICOS,Pollo - trutro largo 4 unidades congelado,Ariztía,Variable
CÁRNICOS,Pollo - trutro largo congelado,Ariztía,1.8Kg
CÁRNICOS,Pollo - trutro corto congelado,Ariztía,1.8Kg
CÁRNICOS,Pollo - gallina broiler en bolsa,Ariztía,Variable
CÁRNICOS,Pollo- pata de pollo en bandeja,Ariztía,350g
CÁRNICOS,Pollo- carne molida pechuga de pollo en bandeja,Ariztía,Variable
CÁRNICOS,Pollo - ala trutro bbq en bandeja,Ariztía,750g
CÁRNICOS,Pollo - ala trutro sureño en bandeja,Ariztía,750g
CÁRNICOS,Pollo - ala media bbq en bandeja,Ariztía,750g
CÁRNICOS,Pollo - ala media sureña en bandeja,Ariztía,750g
CÁRNICOS,Pavo - entero congelado,Ariztía,Variable
CÁRNICOS,Pavo - pechuga deshuesada con piel congelada,Ariztía,Variable
CÁRNICOS,Pavo - pechuga deshuesada con piel en bandeja,Ariztía,Variable
CÁRNICOS,Pavo - filete de pechuga congelado,Ariztía,800g
CÁRNICOS,Pavo - bistec de filete en bandeja,Ariztía,450g
CÁRNICOS,Pavo - trutro parrillero en bolsa,Ariztía,Variable
CÁRNICOS,Pavo- trutro ala de pavita en bandeja,Ariztía,Variable
CÁRNICOS,Pavo - molida en bandeja,Ariztía,Variable
CÁRNICOS,Pavo - molida congelada,Ariztía,400g
CÁRNICOS,Pavo - carne molida de pechuga de pavo en bandeja,Ariztía,400g
CÁRNICOS,Pavo - bistec de pechuga de pavo en bandeja,Ariztía,600g
CÁRNICOS,Pavo - trutro parrillero sureño en bolsa,Ariztía,Variable
CÁRNICOS,Menudencias- Contre de pollo en bandeja,Ariztía,480g y 600g
CÁRNICOS,Menudencias- Contre de pollo congelado,Ariztía,480g
CÁRNICOS,Menudencias- Corazon de pollo en bandeja,Ariztía,450g y 500g
CÁRNICOS,Menudencias- Corazon de pollo congelado,Ariztía,500g
CÁRNICOS,Menudencias- Pana de pollo en bandeja,Ariztía,600g
CÁRNICOS,Menudencias- Pana de pollo congelado,Ariztía,600g
CÁRNICOS,Pavo- ala media de pavo sureñas,Ariztía,750g
CÁRNICOS,Pollo - pollo entero congelado sin menudencias en bolsa,Ariztía,Variable
CÁRNICOS,Pollo- ala trutro de pollo en bandeja,Ariztía,750g y 500g
CÁRNICOS,Pollo- ala media de pollo,Ariztía,750g
CÁRNICOS,Pollo- trutros deshuesados de pollo asian,Ariztía,750g
CÁRNICOS,Pollo- trutros deshuesados de pollo indian,Ariztía,750g
CÁRNICOS,Pollo- entero sin menudencias,Canto del gallo,Variable
CHOCOLATES Y GOLOSINAS,Bolsa bombones 70%,Valor,180g
CHOCOLATES Y GOLOSINAS,Bolsa bombones sin azúcar,Valor,180g
CHOCOLATES Y GOLOSINAS,Chocolate 70% negro naranja,Valor,100g
CHOCOLATES Y GOLOSINAS,Alfajor,El Pueblo,160g
CHOCOLATES Y GOLOSINAS,Cocada,El Pueblo,125g
CHOCOLATES Y GOLOSINAS,Alfajor sin azucar y sin lactosa,El Pueblo,
CHOCOLATES Y GOLOSINAS,Chocolatissimo 70%,Valor,250g
CHOCOLATES Y GOLOSINAS,Chocolatissimo surtido sin azúcar,Valor,200g
CHOCOLATES Y GOLOSINAS,Chocolate 70% negro con sal mediterránea,Valor,100g
CHOCOLATES Y GOLOSINAS,Cacao soluble 70%,Valor,300g
CHOCOLATES Y GOLOSINAS,Chocolate 70% cacao sin azúcar,Valor,100g
CHOCOLATES Y GOLOSINAS,Chocolate 85% cacao sin azúcar,Valor,100g
CHOCOLATES Y GOLOSINAS,Chocolate 70% cacao naranja sin azúcar,Valor,100g
CHOCOLATES Y GOLOSINAS,Chocolate 82% negro,Valor,100g
CHOCOLATES Y GOLOSINAS,Chocolate 70% negro,Valor,100g
CHOCOLATES Y GOLOSINAS,Chocolate 70% negro menta,Valor,100g
CHOCOLATES Y GOLOSINAS,Chocolate 70% negro frambuesa,Valor,100g
CHOCOLATES Y GOLOSINAS,Gomitas frutales,Mi Otra Pasión,130g 250g 230g
CHOCOLATES Y GOLOSINAS,Marshmallow,Mi Otra Pasión,90 g
CHOCOLATES Y GOLOSINAS,Jamoncitos,Mi Otra Pasión,100 g
CHOCOLATES Y GOLOSINAS,Malva coco,Mi Otra Pasión,80 g
CHOCOLATES Y GOLOSINAS,Chocolate cremy leche avellana sin azúcar,Valor,150g
CHOCOLATES Y GOLOSINAS,Chocolate 92% cacao sin azúcar,Valor,100g
CHOCOLATES Y GOLOSINAS,Chocolate leche sin azúcar,Valor,100g
CONSERVAS Y ENCURTIDOS,Pepinillo a la polaca,Hengstenberg,670g
CONSERVAS Y ENCURTIDOS,Pepinillo pecera,Hengstenberg,1550g
CONSERVAS Y ENCURTIDOS,Tomate fresco triturado,Negroni,950g y 475g
DULCES Y MERMELADAS,Crema de avellanas,En línea,
DULCES Y MERMELADAS,Manjar sin lactosa,Eckart,
DULCES Y MERMELADAS,Dulce membrillo,En línea,
ENDULZANTES,Alulosa,En línea,
ENDULZANTES,Stevia en hojas,Dulzura Natural,40g
ENDULZANTES,Alulosa líquida,Cuisine&Co,180ml
ENDULZANTES,Alulosa líquida,Cuisine&Co,270 ml
ENDULZANTES,Agave con sucralosa (líquida),IANSA Cero K,250ml
ENDULZANTES,Stevia 100% (líquida),IANSA Cero K,180ml
ENDULZANTES,Stevia con sucralosa (tableta),IANSA Cero K,500u
ENDULZANTES,Stevia sucralosa (líquida),IANSA Cero K,250ml
ENDULZANTES,Sucralosa (tableta),IANSA Cero K,360u
ENDULZANTES,Sucralosa (líquida),IANSA Cero K,180ml
ENDULZANTES,Eritrol granulada,IANSA Cero K,400g
ENDULZANTES,Stevia con sucralosa (sachet),IANSA Cero K,100u
ENDULZANTES,Endulzante granulado con stevia,IANSA Cero K,500g
ENDULZANTES,Alulosa sucralosa (líquido),IANSA Cero K,180ml y 250ml
ENDULZANTES,Alulosa y sucralosa (granulado),IANSA Cero K,500g
ENDULZANTES,Sucralosa (sachets),IANSA Cero K,50g
ENDULZANTES,Sacarina + sucralosa (Liquido),IANSA Cero K,250ml
ENDULZANTES,Miel pura de abejas,Sofruco,500g
FIAMBRES Y EMBUTIDOS,Jamonada de pollo,Receta del Abuelo,
FIAMBRES Y EMBUTIDOS,Jamón pierna artesanal,Receta del Abuelo,250g
FIAMBRES Y EMBUTIDOS,Chorizo sarta,Receta del Abuelo,
FIAMBRES Y EMBUTIDOS,Coppa seasoned,Simonini,2500 g.
FIAMBRES Y EMBUTIDOS,Salame milano oro,Simonini,3000 g.
FIAMBRES Y EMBUTIDOS,Pasta ave mayo,Receta del Abuelo,125 g
FIAMBRES Y EMBUTIDOS,Salchicha vienesa tradicional,Llanquihue,250g
FIAMBRES Y EMBUTIDOS,Paté sabor jamón,PF,125 g
FIAMBRES Y EMBUTIDOS,Pechuga de pavo asada,PF,150g - 250g
FIAMBRES Y EMBUTIDOS,Salame artesanal,Receta del Abuelo,1Kg
FIAMBRES Y EMBUTIDOS,Paté sabor ternera,PF,125G
FIAMBRES Y EMBUTIDOS,Mortadella Bolgna,PF,
SUPLEMENTOS,Hierro,Dulzura Natural,11g
SUPLEMENTOS,Levadura nutricional,Dulzura Natural,100g
SUPLEMENTOS,Moringa en polvo,Dulzura Natural,20g
SUPLEMENTOS,Vitamina b12,Dulzura Natural,9g
SUPLEMENTOS,Vitamina d3,Dulzura Natural,5g
SUPLEMENTOS,Multivitamínico para mujer,Múltiple,90 u
SUPLEMENTOS,Suplemento estrocal,Nutrigen,91 u
SUPLEMENTOS,Multivitamínico para estudiantes,Múltiple,90 u
SUPLEMENTOS,Levadura nutricional en polvo,Dulzura Natural,100g
SUPLEMENTOS,Omega 3,Dulzura Natural,24g
SUPLEMENTOS,Vitamina A,Dulzura Natural,5.8g
SUPLEMENTOS,Vitamina C,Dulzura Natural,60g
SUPLEMENTOS,Vitamina K2,Dulzura Natural,5.8g
SUPLEMENTOS,Vitamina D2,Dulzura Natural,8.1g
SUPLEMENTOS,Zinc,Dulzura Natural,10.5g
SUPLEMENTOS,Ácido Fólico,Dulzura Natural,7.8g
SUPLEMENTOS,Biotina,Dulzura Natural,7.1g
SUPLEMENTOS,Calcio,Dulzura Natural,112g
SUPLEMENTOS,Carbonato de magnesio,Dulzura Natural,94.5g
FIAMBRES Y EMBUTIDOS,Proscuitto crudo balueto / piatto,Simonini,5500 g. / 7500 g.
FIAMBRES Y EMBUTIDOS,Longaniza parrillera,PF,
FIAMBRES Y EMBUTIDOS,Mortadella bologna con pistachos,Simonini,200g
FIAMBRES Y EMBUTIDOS,Salame milano,Simonini,250 g. 80 g.
FIAMBRES Y EMBUTIDOS,Salame picante,Simonini,80g y 250g
FIAMBRES Y EMBUTIDOS,Salametto parmigiano,Simonini,200g
FIAMBRES Y EMBUTIDOS,Salametto trufa,Simonini,250g
FIAMBRES Y EMBUTIDOS,Spianata piccante,Simonini,100g y 1Kg
FIAMBRES Y EMBUTIDOS,Mortadella modenella pistacho,Simonini,6000 g.
FIAMBRES Y EMBUTIDOS,Salametto piccante,Simonini,250 g. / 80 g.
FIAMBRES Y EMBUTIDOS,Longaniza de campo,Receta del Abuelo,450g
FIAMBRES Y EMBUTIDOS,Pepperoni tipo americano,PF,
FIAMBRES Y EMBUTIDOS,Chorizo parrillero,Llanquihue,250g
FIAMBRES Y EMBUTIDOS,Jamón artesanal grado 1,Llanquihue,200g
FIAMBRES Y EMBUTIDOS,Jamón pierna grado 2,Llanquihue,200g
FIAMBRES Y EMBUTIDOS,Jamón sandwich grado 2,Llanquihue,200g
FIAMBRES Y EMBUTIDOS,Lomo kassler,Llanquihue,125g
FIAMBRES Y EMBUTIDOS,Longaniza,Llanquihue,250g
FIAMBRES Y EMBUTIDOS,Mortadela breslauer,Llanquihue,500g
FIAMBRES Y EMBUTIDOS,Mortadela jamonada,Llanquihue,200g
FIAMBRES Y EMBUTIDOS,Mortadela lisa fina,Llanquihue,200g
FIAMBRES Y EMBUTIDOS,Paté de cerdo,Llanquihue,125g
FIAMBRES Y EMBUTIDOS,Salame,Llanquihue,125g
FIAMBRES Y EMBUTIDOS,Teewurst (pate de jamón),Llanquihue,125g
FIAMBRES Y EMBUTIDOS,Tocino ahumado,Llanquihue,200g
FIAMBRES Y EMBUTIDOS,Lomo vetado ahumado,Llanquihue,125g
FIAMBRES Y EMBUTIDOS,Pechuga de pavo cocida,PF,2 Kg
FIAMBRES Y EMBUTIDOS,Chorizo parrillero premium,Receta del Abuelo,250g
FIAMBRES Y EMBUTIDOS,Mortadela alemana,PF,150 g y 3Kg
FIAMBRES Y EMBUTIDOS,Pechuga de pollo cocida,PF,150g
FIAMBRES Y EMBUTIDOS,Jamonda de pavo,Receta del Abuelo,
FIAMBRES Y EMBUTIDOS,Salchichón tipo español,Receta del Abuelo,
FIAMBRES Y EMBUTIDOS,Longaniza de campo al merkén,Receta del Abuelo,450g
FIAMBRES Y EMBUTIDOS,Chorizo de campo,Receta del Abuelo,
FIAMBRES Y EMBUTIDOS,Salame tipo americano,PF,
FIAMBRES Y EMBUTIDOS,Choricillo cocktail,PF,1 kg
FIAMBRES Y EMBUTIDOS,Jamón serrano,Receta del Abuelo,100g - 75g
FIAMBRES Y EMBUTIDOS,Pepperoni,PF,900g
FIAMBRES Y EMBUTIDOS,Salchichón cervecero,PF,150g 400g y 2Kg
FIAMBRES Y EMBUTIDOS,Prieta a la chilena receta tradicional,PF,
FIAMBRES Y EMBUTIDOS,Salamín ahumado,Receta del Abuelo,
FIAMBRES Y EMBUTIDOS,Longanicilla con carne angus,Receta del Abuelo,
FIAMBRES Y EMBUTIDOS,Chorizo cortado,PF,
FIAMBRES Y EMBUTIDOS,Salamini snack,Receta del Abuelo,
FIAMBRES Y EMBUTIDOS,Mortadela fina,PF,150 g y 3Kg
FIAMBRES Y EMBUTIDOS,Mortadela jamonada,PF,150g y 400g
FIAMBRES Y EMBUTIDOS,Mortadela jamonada,Receta del Abuelo,
FIAMBRES Y EMBUTIDOS,Salchichas sureñas,Receta del Abuelo,
FIAMBRES Y EMBUTIDOS,Salchichón cervecero,Receta del Abuelo,2kg
FIAMBRES Y EMBUTIDOS,Salchichón cervecero especial,Receta del Abuelo,
FIAMBRES Y EMBUTIDOS,Mini salamini snack,Receta del Abuelo,
FIAMBRES Y EMBUTIDOS,Mini mortadela fina,PF,
FIAMBRES Y EMBUTIDOS,Salame ahumado,PF,1.45Kg
FIAMBRES Y EMBUTIDOS,Pechuga de pollo asada,PF,
FIAMBRES Y EMBUTIDOS,Salchichas sureñas,PF,
SUPLEMENTOS,Stevia pura,Dulzura Natural,10g
SUPLEMENTOS,Cloruro de Magnesio,Dulzura Natural,270mg
FIAMBRES Y EMBUTIDOS,Salamín italiano,PF,
FIAMBRES Y EMBUTIDOS,Surtido cocktail,Receta del Abuelo,150g
FIAMBRES Y EMBUTIDOS,Pasta de salame,Receta del Abuelo,
FIAMBRES Y EMBUTIDOS,Longaniza sureña,Receta del Abuelo,
FIAMBRES Y EMBUTIDOS,Longanicilla sureña,Receta del Abuelo,
FIAMBRES Y EMBUTIDOS,Fiambre de jamon sandwich,PF,
FIAMBRES Y EMBUTIDOS,Jamon crudo delizia bellagio,Bellagio,100 g. / 250g / 400g.
FIAMBRES Y EMBUTIDOS,Jamon crudo superiore bellagio,Bellagio,100 g.
FIAMBRES Y EMBUTIDOS,Prosciutto delizia,Cassini,60 g.
FRUTOS SECOS GRANOS Y SEMILLAS,Garbanzo,Cosecha Justa,600g 2 kg y 20 kg
FRUTOS SECOS GRANOS Y SEMILLAS,Arroz integral,Cosecha Justa,600g 2 kg y 20 kg
FRUTOS SECOS GRANOS Y SEMILLAS,Lenteja,Cosecha Justa,600g 2 kg y 20 kg
FRUTOS SECOS GRANOS Y SEMILLAS,Quinoa,Cosecha Justa,600g 2 kg y 20 kg
FRUTOS SECOS GRANOS Y SEMILLAS,Arroz blanco,Cosecha Justa,600g 2Kg y 20Kg
FRUTOS SECOS GRANOS Y SEMILLAS,Well Mix Semillas de zapallo,Sofruco,100g y 270g
FRUTOS SECOS GRANOS Y SEMILLAS,Poroto blanco tetra pack,Cuisine&Co,390g
FRUTOS SECOS GRANOS Y SEMILLAS,Poroto rojo tetra pack,Cuisine&Co,390g
FRUTOS SECOS GRANOS Y SEMILLAS,Poroto negro tetra pack,Cuisine&Co,390g
FRUTOS SECOS GRANOS Y SEMILLAS,Garbanzo tetra pack,Cuisine&Co,390g
FRUTOS SECOS GRANOS Y SEMILLAS,Well Mix Proteína,Sofruco,100g y 240g
FRUTOS SECOS GRANOS Y SEMILLAS,Well Mix Energía,Sofruco,100g y 210g
FRUTOS SECOS GRANOS Y SEMILLAS,Well Mix Saludable,Sofruco,100g y 210g
FRUTOS SECOS GRANOS Y SEMILLAS,Well Mix Coquitos de Palma pelados,Sofruco,150g
FRUTOS SECOS GRANOS Y SEMILLAS,Ciruela deshidratada,Sofruco,40g 100g 300g y 500g
FRUTOS SECOS GRANOS Y SEMILLAS,Well mix pasas morenas,Sofruco,200g y 270g
GALLETAS,Galletas Sin Gluten Chips,ECOVIDA S.A,150grs
GALLETAS,Galletas Sin Gluten Chocolate Chips,ECOVIDA S.A,150grs
GALLETAS,Galletas Sin Gluten Berries,ECOVIDA S.A,150grs
GALLETAS,Galletas Sin Gluten Coco,ECOVIDA S.A,150grs
GALLETAS,Grissini,Schär,150g
GALLETAS,Wafer alla vaniglia,Schär,600g 2 kg y 20 kg
GALLETAS,Galleta arroz chocolate naranja,Cuisine&Co,25g
GALLETAS,Galleta arroz con sal,Cuisine&Co,100g
GALLETAS,Galleta arroz manzana,Cuisine&Co,16g
GALLETAS,Galleta arroz con chocolate,Cuisine&Co,20g y 150g
GALLETAS,Snack barra de chocolate y avellana,Schär,105g
GALLETAS,Galletas finas,El Pueblo,125g
GALLETAS,Galletas de arroz con cobertura de chocolate,Mizos,20g
GALLETAS,Galletas de arroz dulce,Tucapel,
GALLETAS,Galletas de arroz clásicas,Tucapel,
GALLETAS,Tomate Albahaca,Rice Crisps,
GALLETAS,Chocolate os´,Schär,165g
GALLETAS,Cracker,Schär,210g
GALLETAS,Choco chip cookies,Schär,100g
GALLETAS,Galleta de arroz multigrano,Rice Crisps,100g
GALLETAS,Queso,Rice Crisps,
GALLETAS,Galleta de arroz sal de mar,Rice Crisps,100g
GALLETAS,Galleta de arroz sésamo negro,Rice Crisps,100g
GALLETAS,Galletas de arroz con sésamo,Kupiec,18u
GALLETAS,Galletas de arroz multigrano,Kupiec,18u
GALLETAS,Galletas de Arroz chocolate de leche con caramelo,Kupiec,
GALLETAS,Galletas de arroz con chocolate negro,Kupiec,6u
GALLETAS,Galletas de arroz con chocolate de leche,Kupiec,6u
GALLETAS,Galletas de arroz naturales,Kupiec,
LÁCTEOS,Queso parmesano rallado,Cuisine&Co,80 g y 40 g
LÁCTEOS,Queso mantecoso granulado,Cuisine&Co,250 g y 500 g
LÁCTEOS,Ricotta,Dibufala,300g
LÁCTEOS,Leche de cabra en polvo entera,Dagoat,900g y 400g
LÁCTEOS,Leche de cabra descremada en polvo,Dagoat,900g y 400g
LÁCTEOS,Queso fresco,La Vaquita,400g 420g 1.3Kg
LÁCTEOS,Quesillo,La Vaquita,300g
LÁCTEOS,Burrata di bufala,Cuisine&Co,200g
LÁCTEOS,Mozzarella dibufala ciliegine,Cuisine&Co,200g
LÁCTEOS,Mozzarella bloque,Dibufala,250g
LÁCTEOS,Burrata,Dibufala,250 g
LÁCTEOS,Mozzarella Ciliegine,Dibufala,125g 250g
LÁCTEOS,Mozzarella Ovoline,Dibufala,125g 250g
LÁCTEOS,Mozzarella Ciliegine,Dibufala,90g
MISCELÁNEOS,Mantequilla de mani,American classic,510g
MISCELÁNEOS,Perfect Nutrition Protein Soup Chichken flavor,YourGoal,25g
MISCELÁNEOS,Caldo casero de verduras,Gallina Blanca,1000ml
MISCELÁNEOS,Café sabor double chocolate,Beanies Coffee,50g
MISCELÁNEOS,Café sabor creamy caramel,Beanies Coffee,50g
MISCELÁNEOS,Café sabor amareto,Beanies Coffee,50g
MISCELÁNEOS,Café sabor creamy caramel decaf,Beanies Coffee,50g
MISCELÁNEOS,Café sabor mint chocolate decaf,Beanies Coffee,50g
MISCELÁNEOS,Café sabor coco delight,Beanies Coffee,50g
MISCELÁNEOS,Café sabor cherry chocolate,Beanies Coffee,50g
MISCELÁNEOS,Café sabor decaf amareto,Beanies Coffee,50g
MISCELÁNEOS,Café sabor decaf orange,Beanies Coffee,50g
MISCELÁNEOS,Café sabor decaf caramelo,Beanies Coffee,50g
MISCELÁNEOS,Café sabor very vainilla,Beanies Coffee,50g
MISCELÁNEOS,Café sabor mint chocolate,Beanies Coffee,50g
MISCELÁNEOS,English breakfast,Taylors,50g
MISCELÁNEOS,Earl grey,Taylors,50g
MISCELÁNEOS,Green tea and jasmine,Taylors,50g
MISCELÁNEOS,Lemon and ginger,Taylors,50g
MISCELÁNEOS,Decaffeinated breakfast,Taylors,50g
MISCELÁNEOS,Café sabor white chocolate,Beanies Coffee,50g
MISCELÁNEOS,Café sabor popcorn,Beanies Coffee,50g
MISCELÁNEOS,Café sabor orange chocolate,Beanies Coffee,50g
MISCELÁNEOS,Café sabor nutty hazelnut,Beanies Coffee,50g
MISCELÁNEOS,Café sabor sweet cinnamon,Beanies Coffee,50g
MISCELÁNEOS,Afternoon porjeeling,Taylors,50g
MISCELÁNEOS,Assam,Taylors,50g
MISCELÁNEOS,White tea,Taylors,50g
MISCELÁNEOS,Lemon and orange,Taylors,50g
MISCELÁNEOS,Café sabor chocolate beownie,Beanies Coffee,50g
MISCELÁNEOS,Cápsulas de café sabor caramelo,Beanies Coffee,50g
MISCELÁNEOS,Cápsulas de café sabor vainilla,Beanies Coffee,50g
MISCELÁNEOS,Cápsulas de café sabor hazelnut,Beanies Coffee,50g
MISCELÁNEOS,Green Tea Mango & Cardamomo,Taylors,50g
MISCELÁNEOS,Green Tea Strawberry & Vanilla,Taylors,50g
MISCELÁNEOS,Infusion Apple & Cinnamon,Taylors,50g
MISCELÁNEOS,Infusion Organic Chamomile,Taylors,50g
MISCELÁNEOS,Infusion Organic Peppermint,Taylors,50g
MISCELÁNEOS,Infusion Rose Lemonade,Taylors,50g
MISCELÁNEOS,Caldo casero de carne,Gallina Blanca,1000ml
MISCELÁNEOS,Caldo casero de pollo,Gallina Blanca,500ml 1000ml
MISCELÁNEOS,Caldo casero de pescado,Gallina Blanca,1000ml
MISCELÁNEOS,Caldo casero para paella,Gallina Blanca,1000 ml
MISCELÁNEOS,Guiso de berenjenas,Sabores de la Pao,400 g
MISCELÁNEOS,Porotos con tocino,Sabores de la Pao,400 g
MISCELÁNEOS,Crema de champiñones,Sabores de la Pao,400 g
MISCELÁNEOS,Crema de zapallo y zanahoria asadas,Sabores de la Pao,400 g
MISCELÁNEOS,Charquicán de champiñones,Sabores de la Pao,400 g
MISCELÁNEOS,Guiso de tomates y berenjenas,Sabores de la Pao,400 g
MISCELÁNEOS,Crema de porotos,Sabores de la Pao,400 g
MISCELÁNEOS,Porotos granados,Sabores de la Pao,400 g
MISCELÁNEOS,Garbanzos,Sabores de la Pao,400 g
MISCELÁNEOS,Lentejas al curry,Sabores de la Pao,400 g
MISCELÁNEOS,Charquicán,Sabores de la Pao,400 g
MISCELÁNEOS,Carbonada,Sabores de la Pao,400 g
MISCELÁNEOS,Tomatican,Sabores de la Pao,400 g
MISCELÁNEOS,Carne mechada,Sabores de la Pao,400 g
MISCELÁNEOS,Salsa boloñesa,Sabores de la Pao,400 g
MISCELÁNEOS,Café tostado en grano,Manaresi,250 g
MISCELÁNEOS,Pollo al cogñac,Sabores de la Pao,400 g
MISCELÁNEOS,DAURA CERVEZA ESPECIAL SIN GLUTEN,DAMM,330
PAN Y PASTAS,Pasta fusilli,La molisana,400g
PAN Y PASTAS,Pasta penne,La molisana,400g
PAN Y PASTAS,Pasta spaghetti sin gluten,La Molisana,400g
PAN Y PASTAS,Pasta espiral sarraceno,Orgran,350g
PAN Y PASTAS,Pan de quinoa,Celicias,600g y 1Kg
PAN Y PASTAS,Pan de garbanzo,Celicias,600g y 1Kg
PAN Y PASTAS,Pan de linaza,Celicias,600g y 1Kg
PAN Y PASTAS,Pan de Avena,Celicias,1u
PAN Y PASTAS,Pan Rústico,Schär,200g
PAN Y PASTAS,Pan acimo tipo casabe,Casabe gourmet,220g
PAN Y PASTAS,Casabito,Casabe gourmet,70g
PAN Y PASTAS,Bavet / bisnaguinha,Schär,150g
PAN Y PASTAS,Hallullas,El Pueblo,280g
PAN Y PASTAS,Pan de molde integral,El Pueblo,480g
PAN Y PASTAS,Pan de molde tradicional,El Pueblo,480g
PAN Y PASTAS,Pan francés,Schär,100g
PAN Y PASTAS,Penne de garbanzo,Cosecha Justa,227g 240g 400g y 5Kg
PAN Y PASTAS,Penne de lentejas,Cosecha Justa,227g 240g 400g y 5Kg
PAN Y PASTAS,Penne de arveja,Cosecha Justa,227g 240g 400g y 5Kg
PAN Y PASTAS,Fusilli arveja,Cosecha Justa,227g 240g y 5 kg
PAN Y PASTAS,Fusilli garbanzo,Cosecha Justa,227g 240g y 5 kg
PAN Y PASTAS,Fusilli lenteja,Cosecha Justa,227g 240g y 5 kg
PAN Y PASTAS,Molde blanco sin gluten,Cuisine&Co,480g
PAN Y PASTAS,Molde integral sin gluten,Cuisine&Co,480g
PAN Y PASTAS,Molde multisemilla sin gluten,Cuisine&Co,480g
PAN Y PASTAS,Pan de Pascua,Celicias,1u
PAN Y PASTAS,Pan de masa madre integral sin gluten y vegano,Boa Vida,
PAN Y PASTAS,Le Baguetin,Dilici,400g
PAN Y PASTAS,Hot Dog,Dilici,450g
PAN Y PASTAS,Molde Blanco,Dilici,430g
PAN Y PASTAS,Pizzetta duo,Dilici,400g
PAN Y PASTAS,Baguetin Noir,Dilici,400g
PAN Y PASTAS,Pan Hamburguesa sésamo,Dilici,400g
PAN Y PASTAS,Molde Noir,Dilici,430g
PAN Y PASTAS,Molde Linaza,Dilici,400g
PAN Y PASTAS,Pan marraqueta,Dilici,400g
PAN Y PASTAS,Mini baguette blanco,Dilici,800g
PAN Y PASTAS,Pan Hamburguesa Noir,Dilici,800g
PAN Y PASTAS,Pan Bagel linaza,Dilici,400g
PAN Y PASTAS,Cake Le Berries,Dilici,300g
PAN Y PASTAS,Muffin Chocolate Chips,Dilici,85g
PAN Y PASTAS,Empanadas,El Pueblo,
PASTELERIA Y HELADERIA,Cinnamon rolls sin gluten,Katz,240g
PASTELERIA Y HELADERIA,Queque de chocolate,Schär,200g
PASTELERIA Y HELADERIA,Queque de naranja,Schär,200g
PASTELERIA Y HELADERIA,Quequitos,El Pueblo,120g
PASTELERIA Y HELADERIA,Brownie,El Pueblo,
PASTELERIA Y HELADERIA,Queque de naranja,El Pueblo,
PASTELERIA Y HELADERIA,Brazo de Reina,El Pueblo,
PASTELERIA Y HELADERIA,Queque chocolate,Cuisine&Co,200 g
PASTELERIA Y HELADERIA,Queque vainilla,Cuisine&Co,200 g
PASTELERIA Y HELADERIA,Magdalenas Chips,Cuisine&Co,
PASTELERIA Y HELADERIA,Cake Le Chocolat,Dilici,500g
PREMEZCLAS HARINAS Y CEREALES,Mix patisserie,Schär,1000g
PREMEZCLAS HARINAS Y CEREALES,Granola mix semillas,Mizos,250g
PREMEZCLAS HARINAS Y CEREALES,Granola almendras y coco,Mizos,250g
PREMEZCLAS HARINAS Y CEREALES,Mix B,Schär,227g 240g 400g y 5Kg
PREMEZCLAS HARINAS Y CEREALES,Mix B,Schär,1000 g.
PREMEZCLAS HARINAS Y CEREALES,Harina de arroz,El Pueblo,1Kg
PREMEZCLAS HARINAS Y CEREALES,Maicena,El Pueblo,1Kg
PREMEZCLAS HARINAS Y CEREALES,Almidón de mandioca,El Pueblo,1Kg
PREMEZCLAS HARINAS Y CEREALES,Premezcla panificable dulce,El Pueblo,1Kg y 500g
PREMEZCLAS HARINAS Y CEREALES,Premezcla panificable salada,El Pueblo,1Kg y 500g
PREMEZCLAS HARINAS Y CEREALES,Premezcla masa empanada,El Pueblo,
PREMEZCLAS HARINAS Y CEREALES,Harina de lenteja,Cosecha Justa,500g 2 kg y 20 kg
PREMEZCLAS HARINAS Y CEREALES,Harina de arroz integral,Cosecha Justa,500g 2 kg y 20 kg
PREMEZCLAS HARINAS Y CEREALES,Harina de quinoa,Cosecha Justa,500g 2 kg y 20 kg
PREMEZCLAS HARINAS Y CEREALES,Harina de garbanzo,Cosecha Justa,500g 2 kg y 20 kg
PREMEZCLAS HARINAS Y CEREALES,Mix C,Schär,1000 g
PREMEZCLAS HARINAS Y CEREALES,Arroz en grano G1 y G2,Tucapel,
PREMEZCLAS HARINAS Y CEREALES,Harina de arroz,Tucapel,500g
PREMEZCLAS HARINAS Y CEREALES,Avena sin gluten grano entero machacado,The Power of Food,1000Kg
PREMEZCLAS HARINAS Y CEREALES,Harina de almendras,En línea,
PREMEZCLAS HARINAS Y CEREALES,Quinoa pop,Qi-pop,12g
PREMEZCLAS HARINAS Y CEREALES,Mezcla para pan Integral de trigo sarraceno,TierraViva Foods,450g
SALSAS ADEREZOS Y ALIÑOS,Hummus olivas,Red Spoon,100g y 260g
SALSAS ADEREZOS Y ALIÑOS,Hummus spicy,Red Spoon,260g
SALSAS ADEREZOS Y ALIÑOS,Mostaza Dijon,Bornier,210g
SALSAS ADEREZOS Y ALIÑOS,Hummus tahini,Red Spoon,260g
SALSAS ADEREZOS Y ALIÑOS,Pasta untable ave mayo,Corbac,250g
SALSAS ADEREZOS Y ALIÑOS,Pasta untable ave palta,Corbac,250g
SALSAS ADEREZOS Y ALIÑOS,Pasta untable ave club,Corbac,250g
SALSAS ADEREZOS Y ALIÑOS,Pasta untable ave jamón,Corbac,250g
SALSAS ADEREZOS Y ALIÑOS,Pasta untable ave pimiento,Corbac,250g
SALSAS ADEREZOS Y ALIÑOS,Ketchup,En línea,
SALSAS ADEREZOS Y ALIÑOS,Mayonesa,En línea,
SNACKS,Doypack crutones ajo y hierbas,Inka Chips,113g
SNACKS,Doypack crutones salados,Inka Chips,113g
SNACKS,Corn pop dulce de leche con chips 60% cacao,Námana,60g
SNACKS,Corn pop pie de limón con trozos de merengue,Námana,60g
SNACKS,Corn pop queso gruyere,Námana,60g
SNACKS,Corn pop pebre,Námana,60g
SNACKS,Corn pop orégano,Námana,60g
SNACKS,Orégano PopCorn,Námana,100g
SNACKS,Gruyére PopCorn,Námana,60g
SNACKS,Pie de limón PopCorn,Námana,60g
SNACKS,Dulce de Leche PopCorn,Námana,60g
SNACKS,Pebre PopCorn,Námana,60g
SNACKS,Barrita de proteína clásica,Fitkery,85g
SNACKS,Barrita de proteína blondie,Fitkery,85g
SNACKS,Popped lenteja con tomate y albahaca,Mizos,20g
SNACKS,Popped papa con romero,Mizos,105g
SNACKS,Popped papa con sal de mar,Mizos,105g
SNACKS,Curvies Bbq,Schär,170g
SNACKS,Curvies original,Schär,170g
SNACKS,Platano frito,Cuisine&Co,240 g
SNACKS,Prefect Nutrition Almonds and dark chocolate,YourGoal,35g
SNACKS,Prefect Nutrition Peanuts and dark chocolate,YourGoal,35g
SNACKS,Barrita maní,Mizos,35g
SNACKS,Chips de maíz sabor natural,Saniito,30g y 80g
SNACKS,Tortilla de maíz,Saniito,8u 10u y 24u
SNACKS,Topito de maíz salado,Saniito,30g y 80g
SNACKS,Galleta de maíz cocktail,Saniito,90g
SNACKS,galletón redondo natural,Saniito,90g
SNACKS,Barrita cacao coco,Mizos,35g
SNACKS,Barrita arándano,Mizos,35g
SNACKS,Protein Snack Chocolate & Crispis,YourGoal,42g
SNACKS,Protein Snack Rich Caramel,YourGoal,42g
SNACKS,Protein Snack Banana Chips & Caramel,YourGoal,42g
SNACKS,Barra de cereal,El Pueblo,30g
SNACKS,Protein Snack Berries & White Glaze,YourGoal,42g
SNACKS,Origins Almendra & Coco,YourGoal,50g
SNACKS,Origins Avellana & Cacao,YourGoal,50g
SNACKS,Perfect Nutrition Protein Chips Sour Cream & Onion Flavour,YourGoal,30g
SNACKS,Barrita de cereal super alimentos,Mi Otra Pasión,65g
SNACKS,Twenty's Chocolate Brownie,YourGoal,60g
SNACKS,Twenty's Lemon Cheesecake,YourGoal,60g
SNACKS,Twenty’s Mini Lemon Cheesecake,YourGoal,25g
SNACKS,Twenty’s Mini Chocolate Fudge,YourGoal,25g
SNACKS,Twenty’s Mini Chocolate Brownie,YourGoal,25g
SNACKS,Twenty’s Hazelnut Praline,YourGoal,25g
SUPLEMENTOS,Carnivor chocolate,Musclemeds,4lb
SUPLEMENTOS,Collagen peptides,Vital protein,567g
SUPLEMENTOS,Marine collagen,Vital protein,221g
SUPLEMENTOS,Collagen creamer vainilla,Vital protein,300g
SUPLEMENTOS,Quest bar blueberry muffin,Quest,caja 12 u
SUPLEMENTOS,Calcio 500 mg masticable,Solgar,120 cápsulas
SUPLEMENTOS,Double strength omega-3 700mg,Solgar,60 cápsulas softgel
SUPLEMENTOS,Folate 666 mcg dfe (400 mcg folic acid),Solgar,250 tabletas
SUPLEMENTOS,L-arginine 1000mg,Solgar,90 tabletas
SUPLEMENTOS,L-arginine 500mg,Solgar,250 cápsulas vegetales
SUPLEMENTOS,L-carnitine 500mg,Solgar,60 tabletas
SUPLEMENTOS,L-glutamine 1000mg,Solgar,60 tabletas
SUPLEMENTOS,Magnesium citrate,Solgar,120 tabletas
SUPLEMENTOS,Magnesium with vitamin b6,Solgar,100 tabletas
SUPLEMENTOS,Natural liquid vitamin e,Solgar,
SUPLEMENTOS,Natural soya lecithin 1360mg,Solgar,100 capsulas softgel
SUPLEMENTOS,Vitamin c 1000mg,Solgar,250 cápsulas vegetales
SUPLEMENTOS,Vitamin e 268mg (400 iu),Solgar,100 cápsulas softgel
SUPLEMENTOS,Quest peanut butter choco chip protein cookies,Quest,caja 12 u
SUPLEMENTOS,Quest bar blueberry muffin,Quest,caja 12 u
SUPLEMENTOS,Protein cookies double chocolate chip,Quest,caja 12 u
SUPLEMENTOS,Crisp bar churro com doce de leite,Integralmedica,45g
SUPLEMENTOS,Crisp bar leite niño com creme de avela,Integralmedica,45g
SUPLEMENTOS,Multivitamínico para mujer,Múltiple,90 u
SUPLEMENTOS,Multivitamínico para hombre,Múltiple,90 u
SUPLEMENTOS,Multivitamínico para seniors,Múltiple,90 u
SUPLEMENTOS,Multivitamínico para estudiantes,Múltiple,90 u
SUPLEMENTOS,Multivitamínico CR,Múltiple,90 u
SUPLEMENTOS,Multivitamínico ER,Múltiple,90 u
SUPLEMENTOS,Iso 100 -0 carb whey chocolate,Dymatize,5lb
SUPLEMENTOS,Quest rtd protein chocolate,Quest,caja 4 u
SUPLEMENTOS,Quest rtd protein vainilla,Quest,caja 4 u
SUPLEMENTOS,Quest bar cookies and cream,Quest,caja 12 u
SUPLEMENTOS,Quest bar chocolate chip cookie dough,Quest,caja 12 u
SUPLEMENTOS,Protein cookies chocolate chip,Quest,caja 12 u
SUPLEMENTOS,Quest bar caramel chocolate chunk,Quest,caja 12 u
SUPLEMENTOS,Quest hero bar cookies & cream,Quest,caja 12 u
SUPLEMENTOS,Gentle iron 25mg,Solgar,90 cápsulas
SUPLEMENTOS,Chlorella,Solgar,100 cápsulas vegetales
SUPLEMENTOS,Vegan matrix chocolate,Sportlab,120 cápsulas softgel
SUPLEMENTOS,Vegan matrix vainilla,Sportlab,2lb
SUPLEMENTOS,Booster drink apple dream,Integralmedica,269ml
SUPLEMENTOS,Booster drink energy drink,Integralmedica,269ml
SUPLEMENTOS,Booster drink red lemonade,Integralmedica,269ml
SUPLEMENTOS,Energy gel melancia sin cafeína,Integralmedica,caja 10 u
SUPLEMENTOS,Energy gel frutos rojos sin cafeína,Integralmedica,caja 10 u
SUPLEMENTOS,Energy gel guarana-acai con cafeína,Integralmedica,caja 10 u
SUPLEMENTOS,Energy gel mandarina con cafeína,Integralmedica,caja 10 u
SUPLEMENTOS,Bcaa energy drink guarana,Integralmedica,269ml
SUPLEMENTOS,Nutriwhey protein baunilha,Integralmedica,900g
SUPLEMENTOS,Nutriwhey chocolate,Integralmedica,900g
SUPLEMENTOS,Nutriwhey protein chocolate,Integralmedica,1.8Kg
SUPLEMENTOS,Sinister mass chocolate pouch,Integralmedica,3Kg
SUPLEMENTOS,Whey 100% pure pouch chocolate,Integralmedica,1.8Kg
SUPLEMENTOS,Whey 100% pure pouch chocolate,Integralmedica,900g
SUPLEMENTOS,BCAA 2044mg 90 Cápsulas,Integralmedica,90 cápsulas
SUPLEMENTOS,Crisp bar cheescake frutos rojos,Integralmedica,caja 12 u
SUPLEMENTOS,Crisp bar coco,Integralmedica,caja 12 u
SUPLEMENTOS,Crisp bar limon,Integralmedica,caja 12 u
SUPLEMENTOS,Crisp bar trufa,Integralmedica,caja 12 u
SUPLEMENTOS,Whey bar chocolate,Integralmedica,caja 24 u
SUPLEMENTOS,My whey protein rtd banana,Integralmedica,250ml
SUPLEMENTOS,My whey protein rtd coco,Integralmedica,250ml
SUPLEMENTOS,My whey protein rtd morango,Integralmedica,250ml
SUPLEMENTOS,My whey protein rtd chocolate,Integralmedica,250ml
SUPLEMENTOS,Creatina,Integralmedica,300g
SUPLEMENTOS,L-carnitina,Integralmedica,480ml
SUPLEMENTOS,Maltodextrin pouch guarana,Integralmedica,1Kg
SUPLEMENTOS,Maltodextrin pouch laranja,Integralmedica,1Kg
SUPLEMENTOS,Nutriwhey protein baunilha,Integralmedica,1.8Kg
SUPLEMENTOS,Hierro,Dulzura Natural,11g
SUPLEMENTOS,Levadura nutricional en copos,Dulzura Natural,100g
SUPLEMENTOS,Moringa en polvo,Dulzura Natural,20g
SUPLEMENTOS,Vitamina B12,Dulzura Natural,9g
SUPLEMENTOS,Vitamina D3,Dulzura Natural,5g
SUPLEMENTOS,Levadura nutricional en polvo,Dulzura Natural,100g
SUPLEMENTOS,Omega 3,Dulzura Natural,24g
SUPLEMENTOS,Vitamina A,Dulzura Natural,5.8g
SUPLEMENTOS,Vitamina B3,Dulzura Natural,6.6g
SUPLEMENTOS,Vitamina B6,Dulzura Natural,5.4g
SUPLEMENTOS,Vitamina C,Dulzura Natural,60g
SUPLEMENTOS,Vitamina E,Dulzura Natural,24g
SUPLEMENTOS,Vitamina K2,Dulzura Natural,5.8g
SUPLEMENTOS,Vitamina D2,Dulzura Natural,8.1g
SUPLEMENTOS,Zinc,Dulzura Natural,10.5g
SUPLEMENTOS,Biotina,Dulzura Natural,7.1g
SUPLEMENTOS,Calcio,Dulzura Natural,112g
SUPLEMENTOS,Carbonato de magnesio,Dulzura Natural,94.5g
SUPLEMENTOS,Sinister mass vainilla pouch,Integralmedica,3Kg
SUPLEMENTOS,Whey 100% pure pouch vainilla,Integralmedica,1.8Kg
SUPLEMENTOS,Whey 100% pure pouch vainilla,Integralmedica,900g
SUPLEMENTOS,Alimento nutraceutico mega antioxidante,Altitud H,7g
SUPLEMENTOS,Advanced acidophilus,Solgar,100 cápsulas vegetales
SUPLEMENTOS,Calcium citrate vitamin d3,Solgar,240 tabletas
SUPLEMENTOS,Cal/mag/zinc,Solgar,100 tabletas
SUPLEMENTOS,Omega-3 fish oil concentrate,Solgar,240 cápsulas softgel
SUPLEMENTOS,Triple strength omega-3 950mg,Solgar,100 cápsulas
SUPLEMENTOS,Bcaa plus,Solgar,100 cápsulas softgel
SUPLEMENTOS,Vitamin d3 400 iu,Solgar,180 cápsulas
SUPLEMENTOS,Chromium picolinate,Solgar,180 cápsulas
SUPLEMENTOS,L-arginine 500mg,Sundown,90 cápsulas
SUPLEMENTOS,Extra strength fish oil 1200mg,Sundown,100 cápsulas softgel
SUPLEMENTOS,Fish oil 1000mg 300mg omega 3,Sundown,200 cápsulas softgel
SUPLEMENTOS,Cranberry concentrate for her 8400mg,Sundown,150 cápsulas softgel
SUPLEMENTOS,Ácido Fólico,Dulzura Natural,7.8g
SUPLEMENTOS,KINDERVITAL,FLORADIX,250 ml
SUPLEMENTOS,SALUDYNAM,FLORADIX,250 ml
SUPLEMENTOS,VITAMINA B-KOMPLEX,FLORADIX,250 ml
SUPLEMENTOS,MAGNESIO,FLORADIX,250 ml
SUPLEMENTOS,FLORAVITAL,FLORADIX,250 ml
SUPLEMENTOS,ISOFIT Chocolate Shake,Isofit,
SUPLEMENTOS,ISOFIT Vanilla Bean Ice Cream,Isofit,
SNACKS,Cubits chocolate blanco frambuesa,El Almendro,100g
SNACKS,Cubits chocolate leche,El Almendro,100g
SNACKS,Doypack crutones ajo y hierbas,Inka Chips,113g
SNACKS,Doypack crutones salados,Inka Chips,113g
SNACKS,Mezcla de hojuelas fritas,Inka Chips,142g
SNACKS,Snack alcachofa,Poshi,45g
SNACKS,Snack coliflor,Poshi,45g
SNACKS,Snack de kale con sal,Simply,100g
FIAMBRES Y EMBUTIDOS,Salchichón cerveza,Llanquihue,180g
SUPLEMENTOS,Multivitamínico para hombre,Múltiple,90 u
SUPLEMENTOS,Multivitamínico para seniors,Múltiple,90 u
SUPLEMENTOS,Vitamina B3,Dulzura Natural,6.6g
SUPLEMENTOS,Vitamina E,Dulzura Natural,24g
FIAMBRES Y EMBUTIDOS,Salame contadino,Simonini,200g
FIAMBRES Y EMBUTIDOS,Guanciale al pepe,Simonini,300g
FIAMBRES Y EMBUTIDOS,Salame napoli dolce,Simonini,2500 g.
FIAMBRES Y EMBUTIDOS,Spianata romana,Simonini,100g
FIAMBRES Y EMBUTIDOS,Antipasto,Simonini,120g
MISCELÁNEOS,Prefect Nutrition Protein Soup Veggies,YourGoal,25g
SNACKS,Snack garbanzo salados,Simply,142g
SNACKS,Snack lenteja jalapeño,Simply,113g
SNACKS,Snack lenteja salada,Simply,113g
SNACKS,Snack quinoa bbq,Simply,99g
SNACKS,Snack quinoa cheddar,Simply,99g
SNACKS,Camote Morado,Tasty Snax,
SNACKS,Prefect Nutrition Almonds and dark chocolate,YourGoal,35g
SNACKS,Prefect Nutrition Peanuts and dark chocolate,YourGoal,35g
,Twenty's Chocolate Fudge,Twenty’s TWENTY`S HAZELNUT PRALINE,60g
,Twenty's Chocolate Brownie,YourGoal,60g
,Twenty's Lemon Cheesecake,YourGoal,60g
SUPLEMENTOS,Alimento nutraceutico mega antioxidante,Altitudh,7g
SNACKS,Barrita de proteína clásica,Fitkery,85g
SNACKS,Barrita de proteína blondie,Fitkery,85g
SNACKS,Origins Almendra & Coco,YourGoal,50g
SNACKS,Origins Avellana & Cacao,YourGoal,50g
,Twenty’s Mini Lemon Cheesecake,YourGoal,25g
,Twenty’s Mini Chocolate Fudge,YourGoal,25g
,Twenty’s Mini Chocolate Brownie,YourGoal,25g
SNACKS,Perfect Nutrition Protein Chips Sour Cream & Onion Flavour,YourGoal,30g
SNACKS,Protein Snack Berries & White Glaze,YourGoal,42g
SNACKS,galletón redondo natural,Saniito,90g
SUPLEMENTOS,Multivitamínico CR,Múltiple,90 u
SUPLEMENTOS,Multivitamínico ER,Múltiple,90 u
SUPLEMENTOS,Iso 100 -0 carb whey chocolate,Dymatize,5lb
SUPLEMENTOS,BCAA 2044mg 90 Cápsulas,Integralmedica,90 cápsulas
SUPLEMENTOS,Booster drink apple dream,Integralmedica,269ml
SUPLEMENTOS,Booster drink energy drink,Integralmedica,269ml
SUPLEMENTOS,Booster drink red lemonade,Integralmedica,269ml
SUPLEMENTOS,Energy gel melancia sin cafeína,Integralmedica,caja 10 u
SUPLEMENTOS,Energy gel frutos rojos sin cafeína,Integralmedica,caja 10 u
SUPLEMENTOS,Energy gel guarana-acai con cafeína,Integralmedica,caja 10 u
SUPLEMENTOS,Energy gel mandarina con cafeína,Integralmedica,caja 10 u
SUPLEMENTOS,Crisp bar cheescake frutos rojos,Integralmedica,caja 12 u
SUPLEMENTOS,Crisp bar coco,Integralmedica,caja 12 u
SUPLEMENTOS,Crisp bar limon,Integralmedica,caja 12 u
SUPLEMENTOS,Crisp bar trufa,Integralmedica,caja 12 u
SUPLEMENTOS,Whey bar chocolate,Integralmedica,caja 24 u
SUPLEMENTOS,Bcaa energy drink guarana,Integralmedica,269ml
SUPLEMENTOS,My whey protein rtd banana,Integralmedica,250ml
SUPLEMENTOS,My whey protein rtd coco,Integralmedica,250ml
SUPLEMENTOS,My whey protein rtd morango,Integralmedica,250ml
SUPLEMENTOS,My whey protein rtd chocolate,Integralmedica,250ml
SUPLEMENTOS,Creatina,Integralmedica,300g
SUPLEMENTOS,Crisp bar churro com doce de leite,Integralmedica,45g
SUPLEMENTOS,Crisp bar leite niño com creme de avela,Integralmedica,45g
SUPLEMENTOS,Iso triple zero chocolate,Integralmedica,2lb
SUPLEMENTOS,L-carnitina,Integralmedica,480ml
SUPLEMENTOS,Maltodextrin pouch guarana,Integralmedica,1Kg
SUPLEMENTOS,Maltodextrin pouch laranja,Integralmedica,1Kg
SUPLEMENTOS,Nutriwhey chocolate,Integralmedica,900g
SUPLEMENTOS,Nutriwhey protein baunilha,Integralmedica,1.8Kg
SUPLEMENTOS,Nutriwhey protein baunilha,Integralmedica,900g
SUPLEMENTOS,Nutriwhey protein chocolate,Integralmedica,1.8Kg
SUPLEMENTOS,Sinister mass chocolate pouch,Integralmedica,3Kg
SUPLEMENTOS,Sinister mass vainilla pouch,Integralmedica,3Kg
SUPLEMENTOS,Whey 100% pure pouch chocolate,Integralmedica,1.8Kg
SUPLEMENTOS,Whey 100% pure pouch vainilla,Integralmedica,1.8Kg
SUPLEMENTOS,Whey 100% pure pouch chocolate,Integralmedica,900g
SUPLEMENTOS,Carnivor chocolate,Musclemeds,4lb
SUPLEMENTOS,Quest peanut butter choco chip protein cookies,Quest,caja 12 u
SUPLEMENTOS,Quest bar blueberry muffin,Quest,caja 12 u
SUPLEMENTOS,Protein cookies double chocolate chip,Quest,caja 12 u
SUPLEMENTOS,Quest rtd protein chocolate,Quest,caja 4 u
SUPLEMENTOS,Quest rtd protein vainilla,Quest,caja 4 u
SUPLEMENTOS,Quest bar cookies and cream,Quest,caja 12 u
SUPLEMENTOS,Quest bar chocolate chip cookie dough,Quest,caja 12 u
SUPLEMENTOS,Protein cookies chocolate chip,Quest,caja 12 u
SUPLEMENTOS,Quest bar caramel chocolate chunk,Quest,caja 12 u
SUPLEMENTOS,Quest hero bar cookies & cream,Quest,caja 12 u
SUPLEMENTOS,Gentle iron 25mg,Solgar,90 cápsulas
SUPLEMENTOS,Chlorella,Solgar,100 cápsulas vegetales
SUPLEMENTOS,Advanced acidophilus,Solgar,100 cápsulas vegetales
SUPLEMENTOS,Calcium citrate vitamin d3,Solgar,240 tabletas
SUPLEMENTOS,Cal/mag/zinc,Solgar,100 tabletas
SUPLEMENTOS,Omega-3 fish oil concentrate,Solgar,240 cápsulas softgel
SUPLEMENTOS,Triple strength omega-3 950mg,Solgar,100 cápsulas
SUPLEMENTOS,Bcaa plus,Solgar,100 cápsulas softgel
SUPLEMENTOS,Vitamin d3 400 iu,Solgar,180 cápsulas
SUPLEMENTOS,Chromium picolinate,Solgar,180 cápsulas
SUPLEMENTOS,Triple strength omega-3 950mg,Solgar,100 cápsulas soft gel
SUPLEMENTOS,Advanced acidophilus plus,Solgar,120 cápsulas
SUPLEMENTOS,Taurine 500 mg,Solgar,100 cápsulas vegetales
SUPLEMENTOS,Omega-3 fish oil concentrate,Solgar,120 cápsulas softgel
SUPLEMENTOS,Vegan matrix chocolate,Sportlab,120 cápsulas softgel
SUPLEMENTOS,Vegan matrix vainilla,Sportlab,2lb
SUPLEMENTOS,L-arginine 500mg,Sundown,90 cápsulas
SUPLEMENTOS,Extra strength fish oil 1200mg,Sundown,100 cápsulas softgel
SUPLEMENTOS,Fish oil 1000mg 300mg omega 3,Sundown,200 cápsulas softgel
SUPLEMENTOS,Cranberry concentrate for her 8400mg,Sundown,150 cápsulas softgel
SUPLEMENTOS,L-arginine 500mg,Sundown,90 cápsulas
SUPLEMENTOS,Magnesium 250mg,Sundown,100 cápsulas
SUPLEMENTOS,Super cranberry 8400mg plus vit d3 1000iu,Sundown,150 cápsulas
SUPLEMENTOS,Vit d 400iu,Sundown,100 cápsulas softgel
SUPLEMENTOS,Vit e400 dl alpha,Sundown,100 cápsulas softgel
SUPLEMENTOS,Fish oil 1000mg,Sundown,72 cápsulas softgel
BEBIDAS,Jugo de Mandarina,Sofruco,3lt 1lt 340ml y 250ml
SUPLEMENTOS,Vitamina B6,Dulzura Natural,5.4g
PAN Y PASTAS,Baguetin D'linaza,Dilici,400g
SUPLEMENTOS,Extra strength fish oil 1200mg,Sundown,200 cápsulas softgel
SUPLEMENTOS,Calcium 600+d,Sundown,120 tabletas
SUPLEMENTOS,Calcium 1200 plus d,Sundown,60 cápsulas softgel
SUPLEMENTOS,L-lysine 500mg,Sundown,100 tabletas
,Twenty’s Hazelnut praline,YourGoal,60g
,,,
CÁRNICOS,Hamburguesa Angus,La Preferida,100g
CÁRNICOS,Bolsa Hamburguesa de 10 unidades,San Jorge,900g
CÁRNICOS,Caja Hamburguesa de Vacuno de 10 unidades,La Preferida,100g
CÁRNICOS,Hamburguesa,Winter,50g
CÁRNICOS,Hamburguesa,San Jorge,90g
CÁRNICOS,Hamburguesa,San Jorge,55g
CÁRNICOS,Hamburguesa de Vacuno,La Preferida,100g
CÁRNICOS,Hamburguesa bronto,San jorge,185g
CÁRNICOS,Hamburguesa angus,La preferida,185g
CÁRNICOS,Hamburguesa,Winter,100g
FIAMBRES Y EMBUTIDOS,Longanicilla parrillera de campo,La Preferida,250g
FIAMBRES Y EMBUTIDOS,Longanicilla parrillera con carne angus,La Preferida,250g
FIAMBRES Y EMBUTIDOS,Jamón Colonial corte pluma,La Preferida,125g
FIAMBRES Y EMBUTIDOS,Jamón Acaramelado corte pluma,La Preferida,125g
FIAMBRES Y EMBUTIDOS,Queso cabeza,La Preferida,3Kg
FIAMBRES Y EMBUTIDOS,Salchicha tradicional,Winter,250g
FIAMBRES Y EMBUTIDOS,Jamón centenario Acaramelado,La Preferida,3.95Kg
FIAMBRES Y EMBUTIDOS,Tocino Trozo,La Preferida,1Kg
FIAMBRES Y EMBUTIDOS,Tocino Parrillero,La Preferida,180g
FIAMBRES Y EMBUTIDOS,Prieta,La Preferida,400g
FIAMBRES Y EMBUTIDOS,Jamón Pierna,La Preferida,1/2 pieza
FIAMBRES Y EMBUTIDOS,Chorizo Angus,La Preferida,250g 500g y 1Kg
FIAMBRES Y EMBUTIDOS,Longaniza Angus,La Preferida,500g
FIAMBRES Y EMBUTIDOS,Molida,San Jorge,250g
FIAMBRES Y EMBUTIDOS,Coppa Molde,Winter,3.10Kg
FIAMBRES Y EMBUTIDOS,Jamón pierna artesanal mini pieza,Winter,3Kg
FIAMBRES Y EMBUTIDOS,Tocino Ahumado,La Preferida,500g
FIAMBRES Y EMBUTIDOS,Pechuga de pavo cocida corte pluma,La Preferida,125g y 250g
FIAMBRES Y EMBUTIDOS,Jamon acaramelado,San Jorge,200g
FIAMBRES Y EMBUTIDOS,Jamon Centenario Colonial,La Preferida,4Kg
FIAMBRES Y EMBUTIDOS,Longaniza Centenario artesanal,La Preferida,500g
FIAMBRES Y EMBUTIDOS,Pasta de salame,La Preferida,125g
FIAMBRES Y EMBUTIDOS,Pechuga de pavo acaramelada,La Preferida,125g 2.4Kg
FIAMBRES Y EMBUTIDOS,Pechuga de pavo cocida,La Preferida,250g
FIAMBRES Y EMBUTIDOS,Salame ahumado,San Jorge,1.6 Kg
FIAMBRES Y EMBUTIDOS,Salame italiano,San Jorge,1.6 Kg
FIAMBRES Y EMBUTIDOS,Jamón pierna mini pieza,La Preferida,3.5Kg
FIAMBRES Y EMBUTIDOS,Jamón de pavo acaramelado,La Preferida,3Kg
FIAMBRES Y EMBUTIDOS,Pasta jamón,San Jorge,125g
FIAMBRES Y EMBUTIDOS,Pate salchichón te,La Preferida,160g
FIAMBRES Y EMBUTIDOS,Salchicha tradicional,San Jorge,250g
FIAMBRES Y EMBUTIDOS,Vienesa 17cm calibre 28,San Jorge,2.28Kg
FIAMBRES Y EMBUTIDOS,Salchicha sureña,Winter,1Kg
FIAMBRES Y EMBUTIDOS,Salchicha conveniete,Winter,1Kg
FIAMBRES Y EMBUTIDOS,Chorizo parrillero,San Jorge,250g
FIAMBRES Y EMBUTIDOS,Chorizo,Winter,1Kg
FIAMBRES Y EMBUTIDOS,Chorizo angus merkén,La Preferida,500g
FIAMBRES Y EMBUTIDOS,Chorizo de campo,Winter,400g
FIAMBRES Y EMBUTIDOS,Jamon artesanal,San Jorge,200g
FIAMBRES Y EMBUTIDOS,Jamon Centenario Colonial mini pieza,La Preferida,3Kg
FIAMBRES Y EMBUTIDOS,Salchicha de pavo,San Jorge,250g
FIAMBRES Y EMBUTIDOS,Salchicha de pollo,San Jorge,250g y 1Kg
FIAMBRES Y EMBUTIDOS,Fiambre sándwich,San Jorge,250g
FIAMBRES Y EMBUTIDOS,Jamón de pavo ahumado,San Jorge,500g
FIAMBRES Y EMBUTIDOS,Vienesa 22 cm/calibre 28,San Jorge,2079Kg
FIAMBRES Y EMBUTIDOS,Jamón colonial,San Jorge,5.8 Kg aprox.
FIAMBRES Y EMBUTIDOS,Pechuga de pavo acaramelada corte pluma,La Preferida,125g
FIAMBRES Y EMBUTIDOS,Pasta pollo ciboulette,La Preferida,125g
FIAMBRES Y EMBUTIDOS,Tocino,La Preferida,100g y 180g
FIAMBRES Y EMBUTIDOS,Chorizo parrillero tipo argentino,La Preferida,500g
FIAMBRES Y EMBUTIDOS,Mix Parrillero,La Preferida,500g
FIAMBRES Y EMBUTIDOS,Jamón planchado,San Jorge,500g
FIAMBRES Y EMBUTIDOS,Bologna,Winter,3 Kg
FIAMBRES Y EMBUTIDOS,Queso cabeza,Winter,3 Kg aprox.
FIAMBRES Y EMBUTIDOS,Salchichón Cerveza,Winter,250g
FIAMBRES Y EMBUTIDOS,Paté sabor ave,San jorge,125g
FIAMBRES Y EMBUTIDOS,Paté sabor ternera,San jorge,125g
FIAMBRES Y EMBUTIDOS,Salame ahumado,San jorge,100g
FIAMBRES Y EMBUTIDOS,Vienesa 14 cm calibre 28,San jorge,960g
FIAMBRES Y EMBUTIDOS,Salame,La preferida,100g y 500g
FIAMBRES Y EMBUTIDOS,Salame pieza,La preferida,840g
FIAMBRES Y EMBUTIDOS,Salchicha sureña,La preferida,250g y 500g
FIAMBRES Y EMBUTIDOS,Salchicha con carne angus,La preferida,500g
FIAMBRES Y EMBUTIDOS,Arrollado huaso,San jorge,1.5Kg
FIAMBRES Y EMBUTIDOS,Jamón acaramelado,San jorge,3Kg
FIAMBRES Y EMBUTIDOS,Chorizo parrillero,San jorge,1Kg
FIAMBRES Y EMBUTIDOS,Jamón de pavo cocido,La preferida,3Kg
FIAMBRES Y EMBUTIDOS,Jamón sandwich,La preferida,3.5Kg
FIAMBRES Y EMBUTIDOS,Jamón centenario acaramelado mini pieza,La preferida,3Kg
FIAMBRES Y EMBUTIDOS,Longaniza,Winter,1Kg
FIAMBRES Y EMBUTIDOS,Salchicha tradicional,Winter,1Kg
FIAMBRES Y EMBUTIDOS,Jamón ahumado,Winter,5Kg
,Maní confitado,Sembrasol,100g 180g y 1000g
,Súper Mix,Sembrasol,150g 80g
,Almendra de selección,Sembrasol,50g
,Maní tostado con cáscara,Sembrasol,90g 500g
,Maní tostado sin sal y sin cáscara,Sembrasol,100g 150g 400g
,Maravillas tostadas saladas con cáscara,Sembrasol,25g 50g 85g 100g 110g 200g 300g 400g
,Nueces,Sembrasol,50g
,Pistachos tostados y salados,Sembrasol,40g
,Charqui,Sembrasol,20g 40g y 60g
,Chía,Sembrasol,1000g
,Almendra tostada y salada,Sembrasol,60g
,Maní Merkén,Sembrasol,100g 1000g
,Maní tostado con sal,Sembrasol,120g 150g 400g
,Maravillas confitadas,Sembrasol,120g
,Energy Mix,Sembrasol,150g 300g
,Semilla de zapallo,Sembrasol,1000g
,Quínoa,Sembrasol,1000g
,Mix Gourmet,Sembrasol,300g
,Mix Nuts,Sembrasol,80g 300g 700g
,Maní miel,Sembrasol,90g
,Castaña de cajú tostada y salada,Sembrasol,60g
,Fancy mix,Sembrasol,700g
LÁCTEOS,Queso gauda,Los Nogales,1 Kg
LÁCTEOS,Queso mantecoso,Los Nogales,1 Kg
LÁCTEOS,Mantequilla con sal,Los nogales,125g
LÁCTEOS,Queso gauda,Los nogales,250g
LÁCTEOS,Queso mantecoso,Los nogales,250g
PAN Y PASTAS,Molde Blanco,Zeroglut,1 unidad x 480g
PAN Y PASTAS,Molde Integral,Zeroglut,1 unidad x 480g
PAN Y PASTAS,Molde Multisemilla,Zeroglut,1 unidad x 480g
PASTELERIA Y HELADERIA,Magdalenas Vainilla,Zeroglut,6 unidades x 35g
PASTELERIA Y HELADERIA,Magdalenas Chips Chocolate,Zeroglut,6 unidades x 35g
PASTELERIA Y HELADERIA,Queque Vainilla,Zeroglut,1 unidad x 210g
PASTELERIA Y HELADERIA,Queque Chocolate,Zeroglut,1 unidad x 210g
PREMEZCLAS HARINAS Y CEREALES,Muffin keto chocolate,PyM,120g
PREMEZCLAS HARINAS Y CEREALES,Masa pizza,PyM,500g
PREMEZCLAS HARINAS Y CEREALES,Brownie de legumbres,PyM,280g
PREMEZCLAS HARINAS Y CEREALES,Avena instantánea,Agropel,25kg
PREMEZCLAS HARINAS Y CEREALES,Avena hojuela entera,Agropel,25kg
FIAMBRES Y EMBUTIDOS,Salchicha tradicional,San Jorge,1Kg
FIAMBRES Y EMBUTIDOS,Chorizo Centenario Artesanal,La Preferida,500g
FIAMBRES Y EMBUTIDOS,Jamón Pierna Artesanal,Winter,200g y 4.90Kg
FIAMBRES Y EMBUTIDOS,Jamón Pierna corte pluma,La Preferida,125g y 250g
FIAMBRES Y EMBUTIDOS,Jamon Praga ahumado mini pieza,San Jorge,4.8Kg
FIAMBRES Y EMBUTIDOS,Longaniza parrillera angus,La Preferida,250g
FIAMBRES Y EMBUTIDOS,Salame italiano,San Jorge,80g y 100g
FIAMBRES Y EMBUTIDOS,Salchicha Bronto,San Jorge,950g
FIAMBRES Y EMBUTIDOS,Jamon artesanal,San Jorge,4.2Kg
FIAMBRES Y EMBUTIDOS,Arrollado lomo con ají,San Jorge,4Kg aprox.
FIAMBRES Y EMBUTIDOS,Arrollado lomo,San Jorge,3.2 Kg aprox.
FIAMBRES Y EMBUTIDOS,Mini mortadela jamonada,San Jorge,400g
FIAMBRES Y EMBUTIDOS,Jamón colonial,San Jorge,200g
FIAMBRES Y EMBUTIDOS,Chorizo sureño,San Jorge,400g
FIAMBRES Y EMBUTIDOS,Pechuga de pavo cocida,La Preferida,2.5 Kg aprox.
FIAMBRES Y EMBUTIDOS,Pechuga de pavo ahumada,La Preferida,2.5 Kg aprox.
FIAMBRES Y EMBUTIDOS,Jamón acaramelado,Winter,200g
FIAMBRES Y EMBUTIDOS,Jamón pierna,San jorge,500g
FIAMBRES Y EMBUTIDOS,Paté sabor ternera,La preferida,160g
FIAMBRES Y EMBUTIDOS,Vienesas sin piel,La preferida,760g
FIAMBRES Y EMBUTIDOS,Pepperoni,La preferida,100g
FIAMBRES Y EMBUTIDOS,Fiambre sándwich,San jorge,3.5Kg
FIAMBRES Y EMBUTIDOS,Salchicha de pavo,San jorge,1Kg
FIAMBRES Y EMBUTIDOS,Pechuga de pollo cocida,San jorge,3Kg
,Linaza,Sembrasol,1000g
FIAMBRES Y EMBUTIDOS,Longaniza tradicional,San jorge,1Kg
FIAMBRES Y EMBUTIDOS,Jamón pierna,La preferida,6.5Kg
CÁRNICOS,Caja hamburguesa con carne angus,La preferida,10 x 100g